{
      "text": "Matthew specializes in high performance, low latency, high throughput software architectures.  He has proven experience in the Finance and Telecom industries. Millions of users, Billions of messages a day and microsecond latency are the current metrics for similar systems.",
      "quick_replies": [
        {
          "content_type":"text",
          "title":"Education",
          "payload":"Education"
        },
        {
          "content_type":"text",
          "title":"Software",
          "payload":"software"
        },
        {
          "content_type":"text",
          "title":"Languages",
          "payload":"languages"
        },
        {
          "content_type":"text",
          "title":"Architecture",
          "payload":"architecture"
        },
        {
          "content_type":"text",
          "title":"Home",
          "payload":"home"
        }
      ]
}
