{
      "text": "Matthew has a passion for Software Engineering in all its phases. He has developed a strategy termed Effective Software Engineering.  Click below to learn more about Effective Software Engineerining or hop over to the Tumblr blog",
      "quick_replies": [
        {
          "content_type":"text",
          "title":"Why Effective?",
          "payload":"EFFECTIVE"
        },
        {
          "content_type":"text",
          "title":"We need it!",
          "payload":"contact"
        },
        {
          "content_type":"text",
          "title":"Home",
          "payload":"Home"
        }
      ]
}
